사고번호,사고일시,요일,시군구,사고내용,사망자수,중상자수,경상자수,부상신고자수,사고유형,법규위반,노면상태,기상상태,도로형태,가해운전자 차종,가해운전자 성별,가해운전자 연령,가해운전자 상해정도,피해운전자 차종,피해운전자 성별,피해운전자 연령,피해운전자 상해정도
2022010600100027,2022년 1월 6일 05시,목요일,경기도 부천시 삼정동,경상사고,0,0,1,0,차대차 - 기타,안전거리미확보,건조,맑음,단일로 - 교량,승합,남,52세,상해없음,승용,여,34세,경상
2022010700100636,2022년 1월 7일 23시,금요일,경기도 부천시 오정동,경상사고,0,0,1,0,차대차 - 측면충돌,차로위반,건조,맑음,단일로 - 교량,승용,남,47세,상해없음,승용,남,35세,경상
2022010900100260,2022년 1월 9일 19시,일요일,인천광역시 부평구 삼산동,경상사고,0,0,1,0,차대차 - 기타,안전거리미확보,건조,맑음,기타 - 기타,승용,남,45세,상해없음,승용,남,50세,상해없음
2022011100100156,2022년 1월 11일 10시,화요일,경기도 부천시 내동,경상사고,0,0,1,0,차대차 - 추돌,안전거리미확보,건조,맑음,단일로 - 교량,승용,여,25세,상해없음,승용,여,38세,경상
2022011200100062,2022년 1월 12일 07시,수요일,인천광역시 부평구 청천동,경상사고,0,0,1,0,차대차 - 측면충돌,안전거리미확보,건조,맑음,단일로 - 교량,승합,남,64세,상해없음,화물,남,39세,경상
2022011300100093,2022년 1월 13일 08시,목요일,경기도 부천시 내동,경상사고,0,0,2,0,차대차 - 기타,안전거리미확보,건조,맑음,기타 - 기타,승용,여,64세,경상,화물,남,62세,경상
2022011700100035,2022년 1월 17일 06시,월요일,경기도 부천시 고강동,중상사고,0,1,2,0,차대차 - 추돌,안전거리미확보,건조,맑음,단일로 - 교량,화물,남,63세,상해없음,승용,남,62세,중상
2022011800100492,2022년 1월 18일 18시,화요일,경기도 부천시 내동,경상사고,0,0,1,0,차대차 - 기타,안전거리미확보,건조,맑음,기타 - 기타,승용,남,26세,상해없음,승용,여,34세,경상
2022011800100639,2022년 1월 18일 22시,화요일,경기도 부천시 삼정동,경상사고,0,0,7,0,차대차 - 추돌,안전거리미확보,건조,맑음,단일로 - 기타,승합,남,30세,상해없음,승용,여,34세,경상
2022011900100066,2022년 1월 19일 07시,수요일,경기도 부천시 내동,경상사고,0,0,1,0,차대차 - 추돌,안전운전불이행,건조,맑음,단일로 - 기타,승용,남,53세,상해없음,승용,남,38세,경상
2022011900100067,2022년 1월 19일 07시,수요일,서울특별시 양천구 신월동,경상사고,0,0,1,0,차대차 - 측면충돌,안전거리미확보,건조,맑음,단일로 - 기타,화물,남,40세,상해없음,승용,남,36세,경상
2022012000100540,2022년 1월 20일 21시,목요일,경기도 부천시 내동,중상사고,0,1,2,2,차대차 - 추돌,안전운전불이행,건조,맑음,단일로 - 기타,승용,남,58세,상해없음,승용,남,59세,경상
2022012100100080,2022년 1월 21일 07시,금요일,인천광역시 부평구 청천동,경상사고,0,0,1,0,차대차 - 측면충돌,안전거리미확보,건조,맑음,단일로 - 기타,승용,남,50세,상해없음,승용,남,55세,경상
2022012600100506,2022년 1월 26일 20시,수요일,인천광역시 부평구 청천동,경상사고,0,0,1,1,차대차 - 추돌,안전운전불이행,건조,맑음,단일로 - 기타,승용,남,56세,상해없음,승용,남,41세,경상
2022021200100022,2022년 2월 12일 02시,토요일,경기도 부천시 삼정동,경상사고,0,0,1,0,차대차 - 측면충돌,기타,건조,맑음,단일로 - 기타,승용,남,31세,상해없음,승용,남,26세,경상
2022021300100308,2022년 2월 13일 21시,일요일,경기도 부천시 내동,중상사고,0,1,2,0,차대차 - 추돌,안전거리미확보,건조,맑음,단일로 - 교량,승용,남,57세,상해없음,승용,여,31세,상해없음
2022022100100457,2022년 2월 21일 19시,월요일,인천광역시 부평구 청천동,경상사고,0,0,1,0,차대차 - 추돌,안전운전불이행,건조,맑음,단일로 - 기타,승용,남,42세,상해없음,승용,남,60세,경상
2022022300100136,2022년 2월 23일 11시,수요일,인천광역시 부평구 삼산동,경상사고,0,0,1,0,차대차 - 기타,안전운전불이행,건조,맑음,단일로 - 기타,승용,남,32세,경상,승용,남,51세,상해없음
2022030500100421,2022년 3월 5일 21시,토요일,경기도 부천시 삼정동,경상사고,0,0,5,0,차대차 - 추돌,안전거리미확보,건조,맑음,단일로 - 기타,승합,남,59세,상해없음,승용,여,28세,경상
2022032500100631,2022년 3월 25일 23시,금요일,경기도 부천시 내동,경상사고,0,0,1,0,차대차 - 추돌,안전운전불이행,젖음/습기,비,단일로 - 교량,승용,남,43세,상해없음,승용,여,52세,경상
2022040100100020,2022년 4월 1일 04시,금요일,인천광역시 부평구 청천동,경상사고,0,0,1,0,차대차 - 추돌,안전운전불이행,건조,맑음,교차로 - 교차로부근,승용,남,39세,상해없음,화물,남,56세,경상
2022040100100218,2022년 4월 1일 13시,금요일,인천광역시 부평구 청천동,경상사고,0,0,3,0,차대차 - 측면충돌,안전거리미확보,건조,맑음,단일로 - 교량,화물,남,56세,상해없음,승용,남,32세,경상
2022040400100356,2022년 4월 4일 16시,월요일,경기도 부천시 고강동,경상사고,0,0,1,0,차대차 - 추돌,안전운전불이행,건조,맑음,단일로 - 기타,승용,여,56세,상해없음,화물,남,60세,경상
2022040700100099,2022년 4월 7일 08시,목요일,인천광역시 계양구 효성동,경상사고,0,0,1,0,차대차 - 측면충돌,안전운전불이행,건조,맑음,단일로 - 기타,승용,남,49세,상해없음,승용,남,34세,경상
2022041800100566,2022년 4월 18일 23시,월요일,인천광역시 부평구 청천동,경상사고,0,0,2,0,차대차 - 추돌,안전거리미확보,건조,맑음,단일로 - 교량,승용,남,25세,상해없음,승용,남,22세,경상
2022042000100625,2022년 4월 20일 23시,수요일,인천광역시 계양구 서운동,중상사고,0,1,0,0,차대사람 - 기타,안전운전불이행,건조,맑음,단일로 - 기타,승용,남,42세,상해없음,보행자,남,67세,중상
2022042300100079,2022년 4월 23일 07시,토요일,경기도 부천시 원종동,중상사고,0,1,0,0,차대차 - 추돌,안전운전불이행,건조,맑음,단일로 - 기타,승용,남,25세,상해없음,화물,남,53세,중상
2022042600100330,2022년 4월 26일 14시,화요일,인천광역시 계양구 효성동,경상사고,0,0,1,0,차대차 - 측면충돌,차로위반,건조,맑음,단일로 - 기타,화물,남,73세,상해없음,승용,남,23세,경상
2022043000100554,2022년 4월 30일 23시,토요일,경기도 부천시 내동,중상사고,0,1,1,0,차대차 - 추돌,안전거리미확보,건조,맑음,단일로 - 교량,승용,남,35세,상해없음,승용,남,32세,경상
2022050900100116,2022년 5월 9일 08시,월요일,인천광역시 계양구 작전동,경상사고,0,0,1,0,차대차 - 측면충돌,안전운전불이행,건조,맑음,기타 - 기타,화물,남,71세,상해없음,승용,남,45세,경상
2022051400100022,2022년 5월 14일 01시,토요일,경기도 부천시 내동,경상사고,0,0,1,0,차대차 - 추돌,안전운전불이행,건조,맑음,단일로 - 교량,기타불명,기타불명,미분류,기타불명,승용,남,22세,경상
2022051600100165,2022년 5월 16일 09시,월요일,인천광역시 계양구 작전동,경상사고,0,0,2,0,차대차 - 측면충돌,차로위반,건조,맑음,단일로 - 기타,승용,남,26세,경상,승용,남,24세,경상
2022051800100044,2022년 5월 18일 05시,수요일,경기도 부천시 내동,중상사고,0,1,0,0,차대차 - 측면충돌,차로위반,건조,맑음,단일로 - 교량,화물,남,56세,기타불명,승용,남,65세,중상
2022051800100161,2022년 5월 18일 09시,수요일,인천광역시 부평구 청천동,경상사고,0,0,1,0,차대차 - 측면충돌,안전운전불이행,건조,맑음,단일로 - 기타,승용,남,28세,상해없음,승합,남,49세,경상
2022052100100616,2022년 5월 21일 23시,토요일,경기도 부천시 원종동,경상사고,0,0,3,0,차대차 - 측면충돌,안전운전불이행,건조,맑음,단일로 - 기타,화물,남,44세,상해없음,승용,남,59세,경상
2022052200100011,2022년 5월 22일 00시,일요일,경기도 부천시 고강동,경상사고,0,0,1,0,차대차 - 추돌,안전운전불이행,건조,맑음,단일로 - 기타,승용,남,23세,상해없음,승용,남,37세,경상
2022052300100419,2022년 5월 23일 16시,월요일,인천광역시 부평구 청천동,경상사고,0,0,8,0,차대차 - 추돌,안전운전불이행,건조,맑음,단일로 - 교량,화물,여,62세,상해없음,승합,남,26세,경상
2022053000100353,2022년 5월 30일 16시,월요일,인천광역시 부평구 갈산동,중상사고,0,1,0,0,차대차 - 추돌,안전운전불이행,건조,맑음,단일로 - 기타,특수,남,66세,상해없음,승용,여,54세,중상
2022053100100501,2022년 5월 31일 17시,화요일,경기도 부천시 내동,경상사고,0,0,1,0,차대차 - 측면충돌,안전거리미확보,건조,맑음,단일로 - 교량,승용,남,67세,상해없음,승용,여,29세,경상
2022061100100135,2022년 6월 11일 09시,토요일,인천광역시 계양구 서운동,경상사고,0,0,1,0,차대차 - 추돌,안전운전불이행,건조,맑음,단일로 - 기타,승용,남,34세,상해없음,승용,남,29세,경상
2022062500100216,2022년 6월 25일 11시,토요일,인천광역시 부평구 삼산동,경상사고,0,0,1,0,차대차 - 측면충돌,차로위반,건조,맑음,단일로 - 교량,승용,남,39세,상해없음,승용,남,34세,경상
2022062500100307,2022년 6월 25일 13시,토요일,경기도 부천시 고강동,경상사고,0,0,2,0,차대차 - 측면충돌,차로위반,건조,맑음,단일로 - 기타,승용,남,57세,상해없음,승용,남,34세,경상
2022062700100017,2022년 6월 27일 01시,월요일,경기도 부천시 내동,경상사고,0,0,1,0,차대차 - 측면충돌,안전운전불이행,젖음/습기,비,단일로 - 교량,승용,남,26세,상해없음,화물,남,49세,경상
2022062900100110,2022년 6월 29일 08시,수요일,인천광역시 계양구 효성동,경상사고,0,0,2,0,차대차 - 추돌,안전거리미확보,젖음/습기,비,단일로 - 교량,승용,남,49세,상해없음,승용,남,37세,경상
2022063000100409,2022년 6월 30일 17시,목요일,인천광역시 계양구 작전동,경상사고,0,0,2,0,차대차 - 추돌,안전운전불이행,젖음/습기,비,단일로 - 기타,화물,남,79세,상해없음,승용,남,39세,경상
2022070400100182,2022년 7월 4일 10시,월요일,인천광역시 계양구 서운동,경상사고,0,0,1,0,차대차 - 측면충돌,안전운전불이행,건조,맑음,단일로 - 교량,승용,남,25세,상해없음,승용,남,27세,경상
2022070400100276,2022년 7월 4일 13시,월요일,경기도 부천시 내동,경상사고,0,0,4,0,차대차 - 측면충돌,안전거리미확보,건조,맑음,단일로 - 기타,승용,여,54세,상해없음,승용,여,38세,경상
2022070500100275,2022년 7월 5일 13시,화요일,경기도 부천시 내동,경상사고,0,0,1,0,차대차 - 추돌,안전운전불이행,건조,맑음,단일로 - 기타,화물,남,65세,상해없음,승용,남,25세,경상
2022070700100177,2022년 7월 7일 09시,목요일,인천광역시 계양구 작전동,경상사고,0,0,3,0,차대차 - 측면충돌,차로위반,건조,맑음,단일로 - 교량,화물,남,53세,상해없음,승용,남,20세,경상
2022071200100107,2022년 7월 12일 08시,화요일,인천광역시 부평구 청천동,경상사고,0,0,2,0,차대차 - 측면충돌,안전거리미확보,건조,맑음,단일로 - 기타,화물,남,59세,상해없음,승용,남,32세,경상
2022071200100376,2022년 7월 12일 17시,화요일,경기도 부천시 삼정동,경상사고,0,0,1,0,차대차 - 추돌,안전운전불이행,건조,맑음,단일로 - 기타,승용,여,37세,상해없음,승용,남,45세,경상
2022071500100028,2022년 7월 15일 03시,금요일,서울특별시 양천구 신월동,경상사고,0,0,1,0,차대차 - 추돌,안전운전불이행,건조,맑음,단일로 - 기타,승용,남,45세,상해없음,화물,남,39세,경상
2022072400100049,2022년 7월 24일 04시,일요일,경기도 부천시 고강동,경상사고,0,0,2,0,차대차 - 추돌,안전거리미확보,건조,맑음,단일로 - 기타,승용,남,36세,상해없음,승용,여,48세,경상
2022072400100400,2022년 7월 24일 23시,일요일,경기도 부천시 내동,경상사고,0,0,1,0,차대차 - 추돌,안전운전불이행,건조,맑음,단일로 - 기타,화물,남,54세,상해없음,승용,남,33세,경상
2022072600100104,2022년 7월 26일 08시,화요일,인천광역시 부평구 청천동,경상사고,0,0,1,0,차대차 - 측면충돌,안전거리미확보,건조,맑음,단일로 - 교량,특수,남,77세,상해없음,승용,여,49세,경상
2022072800100059,2022년 7월 28일 06시,목요일,인천광역시 계양구 효성동,경상사고,0,0,1,0,차대차 - 추돌,안전운전불이행,건조,맑음,단일로 - 기타,승용,남,65세,상해없음,승용,남,59세,경상
2022072800100439,2022년 7월 28일 17시,목요일,인천광역시 계양구 작전동,경상사고,0,0,5,0,차대차 - 측면충돌,안전거리미확보,건조,맑음,단일로 - 기타,승용,여,30세,기타불명,승용,남,40세,경상
2022073000100224,2022년 7월 30일 12시,토요일,인천광역시 부평구 일신동,경상사고,0,0,1,0,차대차 - 추돌,안전거리미확보,건조,맑음,단일로 - 기타,승용,여,52세,상해없음,승용,여,40세,경상
2022080300100142,2022년 8월 3일 09시,수요일,인천광역시 계양구 작전동,경상사고,0,0,1,0,차대차 - 측면충돌,안전운전불이행,젖음/습기,흐림,단일로 - 기타,화물,남,63세,상해없음,승용,남,64세,경상
2022080600100054,2022년 8월 6일 06시,토요일,인천광역시 부평구 삼산동,경상사고,0,0,1,0,차대차 - 추돌,차로위반,건조,맑음,단일로 - 기타,승합,남,63세,상해없음,승용,남,31세,경상
2022080800100303,2022년 8월 8일 15시,월요일,인천광역시 부평구 삼산동,경상사고,0,0,1,0,차대차 - 기타,안전운전불이행,젖음/습기,비,단일로 - 교량,화물,남,64세,상해없음,화물,남,34세,경상
2022081800100561,2022년 8월 18일 22시,목요일,인천광역시 계양구 서운동,경상사고,0,0,1,0,차대차 - 측면충돌,안전거리미확보,건조,맑음,단일로 - 교량,승용,남,42세,상해없음,승용,남,49세,경상
2022082100100413,2022년 8월 21일 21시,일요일,경기도 부천시 원종동,중상사고,0,1,1,0,차대차 - 측면충돌,안전운전불이행,건조,맑음,단일로 - 교량,기타불명,기타불명,미분류,기타불명,승용,남,62세,경상
2022082300100306,2022년 8월 23일 14시,화요일,인천광역시 서구 가정동,중상사고,0,1,0,0,차대차 - 측면충돌,안전운전불이행,건조,맑음,단일로 - 기타,화물,남,74세,상해없음,화물,남,45세,중상
2022082600100576,2022년 8월 26일 20시,금요일,인천광역시 계양구 서운동,부상신고사고,0,0,0,1,차대차 - 추돌,안전운전불이행,건조,맑음,단일로 - 교량,기타불명,기타불명,미분류,기타불명,화물,남,60세,부상신고
2022083000100034,2022년 8월 30일 03시,화요일,경기도 부천시 원종동,중상사고,0,1,0,0,차대차 - 기타,안전운전불이행,젖음/습기,비,단일로 - 기타,화물,남,49세,상해없음,승용,남,47세,상해없음
2022090400100204,2022년 9월 4일 13시,일요일,인천광역시 부평구 삼산동,경상사고,0,0,1,0,차대차 - 측면충돌,안전거리미확보,젖음/습기,맑음,단일로 - 교량,승용,남,37세,상해없음,승용,남,51세,경상
2022090500100662,2022년 9월 5일 23시,월요일,인천광역시 부평구 삼산동,경상사고,0,0,1,0,차대차 - 측면충돌,안전거리미확보,젖음/습기,비,단일로 - 기타,승용,남,59세,상해없음,승용,남,46세,경상
2022091200100280,2022년 9월 12일 17시,월요일,인천광역시 계양구 서운동,경상사고,0,0,2,0,차대차 - 측면충돌,안전거리미확보,건조,맑음,단일로 - 기타,승용,남,75세,상해없음,승용,여,23세,경상
2022091400100146,2022년 9월 14일 09시,수요일,인천광역시 부평구 삼산동,경상사고,0,0,1,0,차대차 - 추돌,안전운전불이행,건조,맑음,단일로 - 기타,승용,남,40세,상해없음,승용,남,37세,경상
2022091500100164,2022년 9월 15일 10시,목요일,인천광역시 부평구 삼산동,경상사고,0,0,3,0,차대차 - 추돌,안전운전불이행,건조,맑음,단일로 - 기타,승용,여,19세,상해없음,승용,남,23세,경상
2022091600100131,2022년 9월 16일 08시,금요일,서울특별시 양천구 신월동,경상사고,0,0,1,0,차대차 - 측면충돌,안전거리미확보,건조,맑음,단일로 - 기타,승용,남,30세,상해없음,승용,여,47세,경상
2022092200100215,2022년 9월 22일 10시,목요일,경기도 부천시 오정동,경상사고,0,0,1,0,차대차 - 측면충돌,차로위반,건조,맑음,단일로 - 기타,승용,여,23세,상해없음,화물,남,58세,상해없음
2022092300100574,2022년 9월 23일 19시,금요일,경기도 부천시 내동,경상사고,0,0,1,0,차대차 - 추돌,안전거리미확보,건조,맑음,단일로 - 기타,승용,남,52세,상해없음,화물,남,49세,경상
2022092400100519,2022년 9월 24일 18시,토요일,인천광역시 부평구 삼산동,경상사고,0,0,2,0,차대차 - 측면충돌,안전거리미확보,건조,맑음,단일로 - 기타,승용,남,69세,상해없음,승용,남,27세,경상
2022092700100441,2022년 9월 27일 17시,화요일,경기도 부천시 내동,경상사고,0,0,1,0,차대차 - 추돌,안전운전불이행,건조,맑음,단일로 - 기타,승합,남,33세,상해없음,승용,남,30세,경상
2022092900100250,2022년 9월 29일 12시,목요일,경기도 부천시 삼정동,경상사고,0,0,4,0,차대차 - 추돌,안전운전불이행,건조,맑음,단일로 - 기타,승용,남,54세,상해없음,승용,남,30세,경상
2022093000100630,2022년 9월 30일 20시,금요일,인천광역시 부평구 삼산동,경상사고,0,0,1,0,차대차 - 측면충돌,안전거리미확보,건조,맑음,단일로 - 기타,화물,남,44세,상해없음,화물,남,37세,경상
2022100300100035,2022년 10월 3일 02시,월요일,경기도 부천시 오정동,중상사고,0,3,0,0,차대차 - 측면충돌,안전운전불이행,젖음/습기,비,단일로 - 기타,승용,남,66세,상해없음,승용,여,31세,상해없음
2022100700100494,2022년 10월 7일 17시,금요일,인천광역시 부평구 갈산동,경상사고,0,0,1,0,차대차 - 추돌,안전거리미확보,건조,맑음,단일로 - 고가도로위,승용,남,28세,상해없음,승용,여,55세,경상
2022100900100241,2022년 10월 9일 14시,일요일,인천광역시 계양구 용종동,경상사고,0,0,2,0,차대차 - 기타,차로위반,젖음/습기,비,단일로 - 기타,승용,남,58세,상해없음,승용,남,34세,경상
2022101300100138,2022년 10월 13일 08시,목요일,경기도 부천시 내동,중상사고,0,1,2,0,차대차 - 기타,안전운전불이행,건조,맑음,단일로 - 기타,화물,남,59세,상해없음,승용,남,58세,중상
2022102100100139,2022년 10월 21일 08시,금요일,경기도 부천시 고강동,경상사고,0,0,1,0,차대차 - 측면충돌,안전운전불이행,건조,맑음,단일로 - 기타,승용,남,49세,상해없음,승용,여,44세,경상
2022102100100169,2022년 10월 21일 09시,금요일,인천광역시 부평구 청천동,경상사고,0,0,1,0,차대차 - 측면충돌,안전운전불이행,건조,맑음,단일로 - 기타,승용,남,43세,상해없음,승용,남,50세,경상
2022102800100356,2022년 10월 28일 14시,금요일,경기도 부천시 오정동,경상사고,0,0,1,0,차대차 - 기타,안전운전불이행,건조,맑음,단일로 - 기타,승용,남,42세,상해없음,승용,여,38세,경상
2022110200100082,2022년 11월 2일 07시,수요일,인천광역시 부평구 삼산동,경상사고,0,0,1,0,차대차 - 기타,안전거리미확보,건조,맑음,단일로 - 기타,승용,여,31세,상해없음,승용,남,35세,경상
2022110500100056,2022년 11월 5일 06시,토요일,인천광역시 계양구 서운동,경상사고,0,0,1,0,차대차 - 추돌,안전운전불이행,건조,맑음,단일로 - 기타,승용,남,32세,상해없음,승용,남,29세,상해없음
2022111000100166,2022년 11월 10일 09시,목요일,인천광역시 부평구 삼산동,경상사고,0,0,1,0,차대차 - 측면충돌,안전거리미확보,건조,맑음,단일로 - 기타,승용,남,44세,상해없음,승용,남,39세,경상
2022111400100015,2022년 11월 14일 02시,월요일,경기도 부천시 원종동,경상사고,0,0,2,0,차대차 - 추돌,안전거리미확보,건조,맑음,단일로 - 기타,승용,남,25세,상해없음,승용,여,55세,경상
2022111800100608,2022년 11월 18일 19시,금요일,경기도 부천시 삼정동,경상사고,0,0,1,0,차대차 - 측면충돌,안전거리미확보,건조,맑음,단일로 - 기타,승용,여,32세,상해없음,승용,남,40세,경상
2022112100100178,2022년 11월 21일 10시,월요일,인천광역시 계양구 서운동,경상사고,0,0,1,0,차대차 - 측면충돌,안전거리미확보,건조,맑음,단일로 - 기타,화물,남,44세,상해없음,승용,여,41세,경상
2022112600100061,2022년 11월 26일 05시,토요일,경기도 부천시 오정동,경상사고,0,0,1,0,차대차 - 추돌,안전운전불이행,건조,맑음,단일로 - 기타,승용,남,32세,상해없음,승용,여,43세,경상
2022112800100078,2022년 11월 28일 07시,월요일,인천광역시 부평구 삼산동,경상사고,0,0,1,0,차대차 - 측면충돌,차로위반,건조,흐림,단일로 - 기타,승용,남,46세,상해없음,승용,여,37세,경상
2022112900100045,2022년 11월 29일 05시,화요일,경기도 부천시 내동,경상사고,0,0,2,0,차대차 - 측면충돌,안전거리미확보,젖음/습기,비,단일로 - 교량,승용,남,34세,기타불명,승용,남,48세,경상
2022112900100231,2022년 11월 29일 11시,화요일,경기도 부천시 고강동,경상사고,0,0,2,0,차대차 - 기타,안전거리미확보,건조,맑음,단일로 - 기타,승용,여,66세,상해없음,승합,남,53세,경상
2022113000100551,2022년 11월 30일 23시,수요일,서울특별시 양천구 신월동,경상사고,0,0,2,0,차대차 - 추돌,안전운전불이행,건조,맑음,단일로 - 기타,화물,남,47세,상해없음,승용,남,61세,경상
2022120100100040,2022년 12월 1일 05시,목요일,서울특별시 양천구 신월동,경상사고,0,0,3,0,차대차 - 추돌,안전거리미확보,건조,맑음,단일로 - 기타,화물,남,38세,상해없음,화물,남,49세,경상
2022120400100031,2022년 12월 4일 02시,일요일,인천광역시 부평구 삼산동,중상사고,0,1,0,0,차대차 - 추돌,안전운전불이행,건조,맑음,단일로 - 기타,승용,남,41세,상해없음,승용,남,60세,중상
2022120500100135,2022년 12월 5일 10시,월요일,인천광역시 계양구 효성동,경상사고,0,0,1,0,차대차 - 측면충돌,안전거리미확보,건조,맑음,단일로 - 기타,특수,남,65세,상해없음,승용,여,55세,경상
2022120700100140,2022년 12월 7일 09시,수요일,인천광역시 계양구 효성동,경상사고,0,0,2,0,차대차 - 추돌,안전운전불이행,건조,맑음,단일로 - 기타,화물,남,33세,상해없음,화물,남,41세,경상
2022120900100100,2022년 12월 9일 08시,금요일,경기도 부천시 내동,경상사고,0,0,1,0,차대차 - 추돌,안전운전불이행,건조,맑음,단일로 - 교량,승용,남,53세,상해없음,승용,여,40세,경상
2022121100100420,2022년 12월 11일 21시,일요일,경기도 부천시 삼정동,경상사고,0,0,3,0,차대차 - 기타,차로위반,건조,맑음,단일로 - 교량,승용,남,38세,상해없음,승용,남,59세,상해없음
2022121700100304,2022년 12월 17일 14시,토요일,인천광역시 부평구 청천동,경상사고,0,0,2,0,차대차 - 추돌,안전거리미확보,건조,맑음,단일로 - 교량,승용,남,26세,상해없음,승용,남,67세,경상
2022121800100430,2022년 12월 18일 23시,일요일,인천광역시 부평구 삼산동,중상사고,0,1,1,0,차대차 - 기타,기타,건조,맑음,단일로 - 기타,승용,남,25세,상해없음,화물,남,35세,중상
2022122100100011,2022년 12월 21일 00시,수요일,인천광역시 부평구 삼산동,경상사고,0,0,1,0,차대차 - 측면충돌,안전거리미확보,건조,맑음,단일로 - 기타,승용,남,52세,상해없음,승용,여,26세,경상
2022122100100012,2022년 12월 21일 00시,수요일,인천광역시 계양구 서운동,경상사고,0,0,2,0,차대차 - 추돌,안전운전불이행,젖음/습기,맑음,단일로 - 기타,승용,남,37세,상해없음,화물,남,57세,경상
2022122100100021,2022년 12월 21일 01시,수요일,경기도 부천시 내동,사망사고,1,0,0,0,차대사람 - 횡단중,안전운전불이행,건조,맑음,단일로 - 기타,승용,남,37세,상해없음,보행자,여,26세,사망
2022122200100269,2022년 12월 22일 14시,목요일,인천광역시 계양구 작전동,경상사고,0,0,3,0,차대차 - 추돌,안전거리미확보,건조,맑음,단일로 - 교량,승용,남,74세,상해없음,승용,남,29세,경상
2022122400100196,2022년 12월 24일 12시,토요일,경기도 부천시 고강동,경상사고,0,0,2,0,차대차 - 추돌,안전운전불이행,건조,맑음,단일로 - 기타,승용,남,40세,상해없음,승용,남,31세,경상
2022122800100544,2022년 12월 28일 20시,수요일,인천광역시 계양구 서운동,경상사고,0,0,2,0,차대차 - 추돌,안전운전불이행,건조,맑음,단일로 - 기타,승용,남,22세,상해없음,승합,남,32세,경상
2022122900100516,2022년 12월 29일 19시,목요일,경기도 부천시 고강동,경상사고,0,0,1,0,차대차 - 측면충돌,안전거리미확보,건조,맑음,단일로 - 기타,승용,남,63세,상해없음,승용,남,54세,경상
2022123100100058,2022년 12월 31일 02시,토요일,경기도 부천시 오정동,경상사고,0,0,1,0,차대차 - 기타,안전거리미확보,건조,맑음,단일로 - 교량,승용,여,68세,상해없음,승용,남,31세,경상